,r2,mse,rmse
enet,0.6994783703617315,22.39279744420246,4.732102856469042
extra,0.8315127047018567,12.554510236332113,3.543234431466836
xgb,0.8908928036973166,8.129915139391699,2.8513006048804637
